{
  "name": "Sharon Block",
  "center": [
    37.76532302561855,
    -122.4294036626816
  ],
  "zoom": 18,
  "bearing": 0,
  "finishLine": [
    37.764449304862275,
    -122.42978721857072
  ],
  "turns": [
    {
      "label": "1",
      "pos": [
        37.766093420370005,
        -122.42995351552965
      ]
    },
    {
      "label": "2",
      "pos": [
        37.76611375945271,
        -122.42889806628227
      ]
    },
    {
      "label": "3",
      "pos": [
        37.76454812048889,
        -122.428757250309
      ]
    }
  ],
  "track": [
    [
      37.7644916903847,
      -122.42977380752565
    ],
    [
      37.764525631898834,
      -122.42979526519777
    ],
    [
      37.76459140112665,
      -122.42980599403383
    ],
    [
      37.76468262803175,
      -122.42981404066087
    ],
    [
      37.76475900229028,
      -122.42982745170595
    ],
    [
      37.76485003141134,
      -122.42983281612398
    ],
    [
      37.7649414621972,
      -122.42984086275102
    ],
    [
      37.76502813888406,
      -122.42985159158708
    ],
    [
      37.76511932109926,
      -122.42986232042314
    ],
    [
      37.76523590886976,
      -122.42986500263216
    ],
    [
      37.76535783100805,
      -122.42987170815469
    ],
    [
      37.76546808383954,
      -122.42988511919978
    ],
    [
      37.76553490854075,
      -122.4298918247223
    ],
    [
      37.76561335259657,
      -122.42989987134936
    ],
    [
      37.76570983439954,
      -122.4299079179764
    ],
    [
      37.765855116478825,
      -122.42991328239442
    ],
    [
      37.76604706883022,
      -122.42993742227556
    ],
    [
      37.76606499398977,
      -122.42991998791696
    ],
    [
      37.766074537148704,
      -122.42985025048257
    ],
    [
      37.76607665748258,
      -122.42973357439044
    ],
    [
      37.766074536044925,
      -122.42961823940279
    ],
    [
      37.76607985950677,
      -122.42951363325122
    ],
    [
      37.766090461174834,
      -122.4294009804726
    ],
    [
      37.76609470184167,
      -122.42928028106691
    ],
    [
      37.76610318317456,
      -122.42913007736207
    ],
    [
      37.76610315778793,
      -122.42897182703021
    ],
    [
      37.76608618408352,
      -122.42892488837245
    ],
    [
      37.766058624156784,
      -122.42891281843187
    ],
    [
      37.76598611552879,
      -122.42889672517778
    ],
    [
      37.765860349999265,
      -122.42887392640115
    ],
    [
      37.76561541885883,
      -122.428844422102
    ],
    [
      37.76531750783749,
      -122.42881357669832
    ],
    [
      37.76492963958066,
      -122.4287961423397
    ],
    [
      37.76461467669722,
      -122.42877334356311
    ],
    [
      37.76457016093413,
      -122.42881357669832
    ],
    [
      37.76453623047835,
      -122.42894500494005
    ],
    [
      37.7645213845193,
      -122.42910057306291
    ],
    [
      37.7645107815225,
      -122.42931783199312
    ],
    [
      37.76449593445455,
      -122.42960482835771
    ],
    [
      37.764491709149134,
      -122.42977380752565
    ]
  ]
}
